1,Spinach and Feta Quiche
1,Croissant
1,Omelette
1,Croque Monsieur
1,Beef Bourguignon
1,Cheese Soufflé
1,Chocolate Truffles
1,Ratatouille
1,Croissant Bread Pudding
1,French Onion Soup
1,Fluffy Pancakes
1,Tuna Salad Sandwich
1,Avocado Toast
2,Chicken Tikka Masala
2,Fluffy Pancakes
2,Tuna Salad Sandwich
2,Avocado Toast
3,Sushi Rolls
3,Miso Soup
3,Fluffy Pancakes
3,Tuna Salad Sandwich
3,Avocado Toast
4,Beef Tacos
4,Chicken Enchiladas
4,Huevos Rancheros
4,Chicken Quesadilla
4,Fluffy Pancakes
4,Tuna Salad Sandwich
4,Avocado Toast
5,Chicken Pad Thai
5,Pad See Ew
5,Fluffy Pancakes
5,Tuna Salad Sandwich
5,Avocado Toast
6,Fluffy Pancakes
6,Tuna Salad Sandwich
6,Avocado Toast
6,Tiramisu
6,Margherita Pizza
6,Shrimp Scampi
6,Caprese Salad
6,Lemon Chicken Piccata
6,Chicken Alfredo
6,Spaghetti Carbonara
6,Margherita Flatbread
6,Pesto Pasta
6,Mushroom Risotto
7,Beef Stir-Fry
8,Spanakopita
8,Gyro Wrap
9,Fluffy Pancakes
9,Chocolate Chip Cookies
9,Chicken Caesar Salad
9,Apple Pie
9,Chocolate Cake
9,Lemon Bars
9,Blueberry Muffins
9,Tuna Salad Sandwich
9,Key Lime Pie
9,Chicken Noodle Soup
9,Red Velvet Cake
9,Chicken Caesar Wrap
9,Avocado Toast
9,Lemon Ricotta Pancakes
10,Beef Wellington
10,Shepherd's Pie
10,Scones
11,Beef Bulgogi
12,Baklava
13,Falafel
13,Falafel Wrap
13,Chicken Shawarma
14,Vegetable Stir-Fry
15,Beef Wellington
15,Shepherd's Pie
15,Scones
16,Beef Tacos
16,Chicken Enchiladas
16,Huevos Rancheros
16,Chicken Quesadilla
17,Sushi Rolls
17,Miso Soup
18,Chicken Tikka Masala
19,Tiramisu
19,Margherita Pizza
19,Shrimp Scampi
19,Caprese Salad
19,Lemon Chicken Piccata
19,Chicken Alfredo
19,Spaghetti Carbonara
19,Margherita Flatbread
19,Pesto Pasta
19,Mushroom Risotto
20,Beef Bulgogi
21,Spinach and Feta Quiche
21,Croissant
21,Omelette
21,Croque Monsieur
21,Beef Bourguignon
21,Cheese Soufflé
21,Chocolate Truffles
21,Ratatouille
21,Croissant Bread Pudding
21,French Onion Soup
22,Chicken Pad Thai
22,Pad See Ew
23,Baklava
24,Beef Stir-Fry
25,Fluffy Pancakes
25,Chocolate Chip Cookies
25,Chicken Caesar Salad
25,Apple Pie
25,Chocolate Cake
25,Lemon Bars
25,Blueberry Muffins
25,Tuna Salad Sandwich
25,Key Lime Pie
25,Chicken Noodle Soup
25,Red Velvet Cake
25,Chicken Caesar Wrap
25,Avocado Toast
25,Lemon Ricotta Pancakes
26,Spanakopita
26,Gyro Wrap
27,Falafel
27,Falafel Wrap
27,Chicken Shawarma
28,Vegetable Stir-Fry
29,Tiramisu
29,Margherita Pizza
29,Shrimp Scampi
29,Caprese Salad
29,Lemon Chicken Piccata
29,Chicken Alfredo
29,Spaghetti Carbonara
29,Margherita Flatbread
29,Pesto Pasta
29,Mushroom Risotto
30,Sushi Rolls
30,Miso Soup
31,Beef Wellington
31,Shepherd's Pie
31,Scones
32,Beef Bulgogi
33,Beef Tacos
33,Chicken Enchiladas
33,Huevos Rancheros
33,Chicken Quesadilla
34,Chicken Tikka Masala
35,Chicken Pad Thai
35,Pad See Ew
36,Fluffy Pancakes
36,Chocolate Chip Cookies
36,Chicken Caesar Salad
36,Apple Pie
36,Chocolate Cake
36,Lemon Bars
36,Blueberry Muffins
36,Tuna Salad Sandwich
36,Key Lime Pie
36,Chicken Noodle Soup
36,Red Velvet Cake
36,Chicken Caesar Wrap
36,Avocado Toast
36,Lemon Ricotta Pancakes
37,Spinach and Feta Quiche
37,Croissant
37,Omelette
37,Croque Monsieur
37,Beef Bourguignon
37,Cheese Soufflé
37,Chocolate Truffles
37,Ratatouille
37,Croissant Bread Pudding
37,French Onion Soup
38,Spanakopita
38,Gyro Wrap
39,Beef Stir-Fry
40,Baklava
41,Falafel
41,Falafel Wrap
41,Chicken Shawarma
42,Vegetable Stir-Fry
43,Tiramisu
43,Margherita Pizza
43,Shrimp Scampi
43,Caprese Salad
43,Lemon Chicken Piccata
43,Chicken Alfredo
43,Spaghetti Carbonara
43,Margherita Flatbread
43,Pesto Pasta
43,Mushroom Risotto
44,Sushi Rolls
44,Miso Soup
45,Beef Tacos
45,Chicken Enchiladas
45,Huevos Rancheros
45,Chicken Quesadilla
46,Beef Bulgogi
47,Chicken Tikka Masala
48,Chicken Pad Thai
48,Pad See Ew
49,Beef Wellington
49,Shepherd's Pie
49,Scones
50,Fluffy Pancakes
50,Chocolate Chip Cookies
50,Chicken Caesar Salad
50,Apple Pie
50,Chocolate Cake
50,Lemon Bars
50,Blueberry Muffins
50,Tuna Salad Sandwich
50,Key Lime Pie
50,Chicken Noodle Soup
50,Red Velvet Cake
50,Chicken Caesar Wrap
50,Avocado Toast
50,Lemon Ricotta Pancakes
51,Spinach and Feta Quiche
51,Croissant
51,Omelette
51,Croque Monsieur
51,Beef Bourguignon
51,Cheese Soufflé
51,Chocolate Truffles
51,Ratatouille
51,Croissant Bread Pudding
51,French Onion Soup
52,Beef Stir-Fry
53,Spanakopita
53,Gyro Wrap
54,Baklava
55,Falafel
55,Falafel Wrap
55,Chicken Shawarma
56,Tiramisu
56,Margherita Pizza
56,Shrimp Scampi
56,Caprese Salad
56,Lemon Chicken Piccata
56,Chicken Alfredo
56,Spaghetti Carbonara
56,Margherita Flatbread
56,Pesto Pasta
56,Mushroom Risotto
57,Sushi Rolls
57,Miso Soup
58,Beef Bulgogi
59,Beef Tacos
59,Chicken Enchiladas
59,Huevos Rancheros
59,Chicken Quesadilla
60,Chicken Tikka Masala
61,Chicken Pad Thai
61,Pad See Ew
62,Beef Wellington
62,Shepherd's Pie
62,Scones
63,Fluffy Pancakes
63,Chocolate Chip Cookies
63,Chicken Caesar Salad
63,Apple Pie
63,Chocolate Cake
63,Lemon Bars
63,Blueberry Muffins
63,Tuna Salad Sandwich
63,Key Lime Pie
63,Chicken Noodle Soup
63,Red Velvet Cake
63,Chicken Caesar Wrap
63,Avocado Toast
63,Lemon Ricotta Pancakes
64,Vegetable Stir-Fry
65,Spinach and Feta Quiche
65,Croissant
65,Omelette
65,Croque Monsieur
65,Beef Bourguignon
65,Cheese Soufflé
65,Chocolate Truffles
65,Ratatouille
65,Croissant Bread Pudding
65,French Onion Soup
66,Spanakopita
66,Gyro Wrap
67,Beef Stir-Fry
68,Baklava
69,Falafel
69,Falafel Wrap
69,Chicken Shawarma
70,Tiramisu
70,Margherita Pizza
70,Shrimp Scampi
70,Caprese Salad
70,Lemon Chicken Piccata
70,Chicken Alfredo
70,Spaghetti Carbonara
70,Margherita Flatbread
70,Pesto Pasta
70,Mushroom Risotto
71,Sushi Rolls
71,Miso Soup
72,Beef Tacos
72,Chicken Enchiladas
72,Huevos Rancheros
72,Chicken Quesadilla
73,Beef Bulgogi
74,Chicken Tikka Masala
75,Chicken Pad Thai
75,Pad See Ew
76,Beef Wellington
76,Shepherd's Pie
76,Scones
77,Fluffy Pancakes
77,Chocolate Chip Cookies
77,Chicken Caesar Salad
77,Apple Pie
77,Chocolate Cake
77,Lemon Bars
77,Blueberry Muffins
77,Tuna Salad Sandwich
77,Key Lime Pie
77,Chicken Noodle Soup
77,Red Velvet Cake
77,Chicken Caesar Wrap
77,Avocado Toast
77,Lemon Ricotta Pancakes
78,Spinach and Feta Quiche
78,Croissant
78,Omelette
78,Croque Monsieur
78,Beef Bourguignon
78,Cheese Soufflé
78,Chocolate Truffles
78,Ratatouille
78,Croissant Bread Pudding
78,French Onion Soup
79,Spanakopita
79,Gyro Wrap
80,Beef Stir-Fry
81,Baklava
82,Falafel
82,Falafel Wrap
82,Chicken Shawarma
83,Tiramisu
83,Margherita Pizza
83,Shrimp Scampi
83,Caprese Salad
83,Lemon Chicken Piccata
83,Chicken Alfredo
83,Spaghetti Carbonara
83,Margherita Flatbread
83,Pesto Pasta
83,Mushroom Risotto
84,Sushi Rolls
84,Miso Soup
85,Beef Tacos
85,Chicken Enchiladas
85,Huevos Rancheros
85,Chicken Quesadilla
86,Beef Bulgogi
87,Chicken Tikka Masala
88,Chicken Pad Thai
88,Pad See Ew
89,Beef Wellington
89,Shepherd's Pie
89,Scones
90,Fluffy Pancakes
90,Chocolate Chip Cookies
90,Chicken Caesar Salad
90,Apple Pie
90,Chocolate Cake
90,Lemon Bars
90,Blueberry Muffins
90,Tuna Salad Sandwich
90,Key Lime Pie
90,Chicken Noodle Soup
90,Red Velvet Cake
90,Chicken Caesar Wrap
90,Avocado Toast
90,Lemon Ricotta Pancakes
91,Vegetable Stir-Fry
92,Spinach and Feta Quiche
92,Croissant
92,Omelette
92,Croque Monsieur
92,Beef Bourguignon
92,Cheese Soufflé
92,Chocolate Truffles
92,Ratatouille
92,Croissant Bread Pudding
92,French Onion Soup
93,Spanakopita
93,Gyro Wrap
94,Beef Stir-Fry
95,Baklava
96,Falafel
96,Falafel Wrap
96,Chicken Shawarma
97,Tiramisu
97,Margherita Pizza
97,Shrimp Scampi
97,Caprese Salad
97,Lemon Chicken Piccata
97,Chicken Alfredo
97,Spaghetti Carbonara
97,Margherita Flatbread
97,Pesto Pasta
97,Mushroom Risotto
98,Sushi Rolls
98,Miso Soup
99,Beef Tacos
99,Chicken Enchiladas
99,Huevos Rancheros
99,Chicken Quesadilla
100,Beef Bulgogi
1,Tiramisu
1,Margherita Pizza
1,Shrimp Scampi
1,Caprese Salad
1,Lemon Chicken Piccata
1,Chicken Alfredo
1,Spaghetti Carbonara
1,Margherita Flatbread
1,Pesto Pasta
1,Mushroom Risotto
3,Beef Stir-Fry
3,Beef Bulgogi
5,Beef Bulgogi
9,Nasi Goreng
9,Sate Ayam
9,Babi Guling
17,Pão de Ló
17,Ameijoas à Bulhão Pato
17,Queijadas de Sintra
14,Fluffy Pancakes
14,Chocolate Chip Cookies
14,Chicken Caesar Salad
14,Apple Pie
14,Chocolate Cake
14,Lemon Bars
14,Blueberry Muffins
14,Tuna Salad Sandwich
14,Key Lime Pie
14,Chicken Noodle Soup
14,Red Velvet Cake
14,Chicken Caesar Wrap
14,Avocado Toast
14,Lemon Ricotta Pancakes
26,Baklava
23,Spanakopita
23,Gyro Wrap
37,Nasi Goreng
37,Sate Ayam
37,Babi Guling
42,Paella
42,Churros
50,Pão de Ló
50,Ameijoas à Bulhão Pato
50,Queijadas de Sintra
52,Asado
52,Empanadas
52,Pašticada
52,Fritule
63,Nasi Goreng
63,Sate Ayam
63,Babi Guling
64,Feijoada
64,Brigadeiro
69,Asado
69,Empanadas
72,Nasi Goreng
72,Sate Ayam
72,Babi Guling
72,Paella
72,Churros
73,Pašticada
73,Fritule
76,Pão de Ló
76,Ameijoas à Bulhão Pato
76,Queijadas de Sintra
79,Feijoada
79,Brigadeiro
82,Asado
82,Empanadas
83,Nasi Goreng
83,Sate Ayam
83,Babi Guling
87,Paella
87,Churros
87,Pašticada
87,Fritule
88,Feijoada
88,Brigadeiro
90,Pão de Ló
90,Ameijoas à Bulhão Pato
90,Queijadas de Sintra
93,Pašticada
93,Fritule
94,Asado
94,Empanadas
94,Pašticada
94,Fritule
95,Pão de Ló
95,Ameijoas à Bulhão Pato
95,Queijadas de Sintra
99,Feijoada
99,Brigadeiro
99,Pašticada
99,Fritule
100,Nasi Goreng
100,Sate Ayam
100,Babi Guling
22,Fluffy Pancakes
22,Tuna Salad Sandwich
22,Avocado Toast
32,Fluffy Pancakes
32,Tuna Salad Sandwich
32,Avocado Toast
12,Fluffy Pancakes
12,Tuna Salad Sandwich
12,Avocado Toast
11,Fluffy Pancakes
11,Tuna Salad Sandwich
11,Avocado Toast
52,Fluffy Pancakes
52,Tuna Salad Sandwich
52,Avocado Toast
63,Fluffy Pancakes
63,Tuna Salad Sandwich
63,Avocado Toast