Fluffy Pancakes,Mixing Bowls
Fluffy Pancakes,Measuring Cups and Spoons
Fluffy Pancakes,Whisk
Fluffy Pancakes,Wooden Spoon
Fluffy Pancakes,Skillet/Frying Pan
Fluffy Pancakes,Spatula
Fluffy Pancakes,Oven Mitts
Spinach and Feta Quiche,Chef's Knife
Spinach and Feta Quiche,Cutting Board
Spinach and Feta Quiche,Mixing Bowls
Spinach and Feta Quiche,Whisk
Spinach and Feta Quiche,Pie Dish
Spinach and Feta Quiche,Rolling Pin
Spinach and Feta Quiche,Baking Sheets
Spinach and Feta Quiche,Skillet/Frying Pan
Spinach and Feta Quiche,Spatula
Spinach and Feta Quiche,Oven Mitts
Spinach and Feta Quiche,Timer
Spinach and Feta Quiche,Kitchen Scale
Spinach and Feta Quiche,Pastry Brush
Beef Wellington,Chef's Knife
Beef Wellington,Cutting Board
Beef Wellington,Rolling Pin
Beef Wellington,Kitchen Twine
Beef Wellington,Skillet/Frying Pan
Beef Wellington,Baking Sheets
Beef Wellington,Pastry Brush
Beef Wellington,Meat Thermometer
Beef Wellington,Timer
Beef Wellington,Oven Mitts
Chocolate Chip Cookies,Mixing Bowls
Chocolate Chip Cookies,Measuring Cups and Spoons
Chocolate Chip Cookies,Whisk
Chocolate Chip Cookies,Spatula
Chocolate Chip Cookies,Baking Sheets
Chocolate Chip Cookies,Wooden Spoon
Chocolate Chip Cookies,Oven Mitts
Chocolate Chip Cookies,Timer
Chicken Pad Thai,Chef's Knife
Chicken Pad Thai,Cutting Board
Chicken Pad Thai,Skillet/Frying Pan
Chicken Pad Thai,Spatula
Chicken Pad Thai,Mixing Bowls
Chicken Pad Thai,Whisk
Chicken Pad Thai,Measuring Cups and Spoons
Chicken Pad Thai,Kitchen Shears
Chicken Pad Thai,Saucepan
Chicken Pad Thai,Colander
Croissant,Chef's Knife
Croissant,Cutting Board
Croissant,Mixing Bowls
Croissant,Measuring Cups and Spoons
Croissant,Whisk
Croissant,Wooden Spoon
Croissant,Spatula
Croissant,Rolling Pin
Croissant,Baking Sheets
Croissant,Pastry Brush
Croissant,Oven Mitts
Croissant,Timer
Tiramisu,Mixing Bowls
Tiramisu,Whisk
Tiramisu,Measuring Cups and Spoons
Tiramisu,Spatula
Tiramisu,Chef's Knife
Tiramisu,Cutting Board
Tiramisu,Pie dish
Tiramisu,Sieve
Tiramisu,Pastry Brush
Tiramisu,Oven Mitts
Tiramisu,Timer
Sushi Rolls,Chef's Knife
Sushi Rolls,Cutting Board
Sushi Rolls,Mixing Bowls
Sushi Rolls,Measuring Cups and Spoons
Sushi Rolls,Wooden Spoon
Sushi Rolls,Spatula
Sushi Rolls,Rolling Pin
Sushi Rolls,Skillet/Frying Pan
Sushi Rolls,Blender
Sushi Rolls,Food Processor
Sushi Rolls,Grater
Sushi Rolls,Colander
Sushi Rolls,Pastry Brush
Sushi Rolls,Kitchen Scale
Sushi Rolls,Timer
Spanakopita,Chef's Knife
Spanakopita,Cutting Board
Spanakopita,Mixing Bowls
Spanakopita,Measuring Cups and Spoons
Spanakopita,Wooden Spoon
Spanakopita,Spatula
Spanakopita,Baking Sheets
Spanakopita,Pastry Brush
Spanakopita,Oven Mitts
Spanakopita,Timer
Baklava,Chef's Knife
Baklava,Cutting Board
Baklava,Mixing Bowls
Baklava,Measuring Cups and Spoons
Baklava,Wooden Spoon
Baklava,Baking Sheets
Baklava,Pastry Brush
Baklava,Oven Mitts
Baklava,Timer
Omelette,Chef's Knife
Omelette,Cutting Board
Omelette,Mixing Bowls
Omelette,Measuring Cups and Spoons
Omelette,Whisk
Omelette,Skillet/Frying Pan
Omelette,Spatula
Omelette,Oven Mitts
Omelette,Timer
Margherita Pizza,Chef's Knife
Margherita Pizza,Cutting Board
Margherita Pizza,Mixing Bowls
Margherita Pizza,Measuring Cups and Spoons
Margherita Pizza,Wooden Spoon
Margherita Pizza,Rolling Pin
Margherita Pizza,Baking Sheets
Margherita Pizza,Skillet/Frying Pan
Margherita Pizza,Oven Mitts
Margherita Pizza,Timer
Chicken Caesar Salad,Chef's Knife
Chicken Caesar Salad,Cutting Board
Chicken Caesar Salad,Mixing Bowls
Chicken Caesar Salad,Measuring Cups and Spoons
Chicken Caesar Salad,Whisk
Chicken Caesar Salad,Wooden Spoon
Chicken Caesar Salad,Skillet/Frying Pan
Chicken Caesar Salad,Salad Spinner
Chicken Caesar Salad,Tongs
Apple Pie,Chef's Knife
Apple Pie,Cutting Board
Apple Pie,Mixing Bowls
Apple Pie,Measuring Cups and Spoons
Apple Pie,Rolling Pin
Apple Pie,Baking Sheets
Apple Pie,Pastry Brush
Apple Pie,Oven Mitts
Apple Pie,Timer
Beef Stir-Fry,Chef's Knife
Beef Stir-Fry,Cutting Board
Beef Stir-Fry,Mixing Bowls
Beef Stir-Fry,Measuring Cups and Spoons
Beef Stir-Fry,Skillet/Frying Pan
Beef Stir-Fry,Wooden Spoon
Beef Stir-Fry,Tongs
Chocolate Cake,Chef's Knife
Chocolate Cake,Cutting Board
Chocolate Cake,Mixing Bowls
Chocolate Cake,Measuring Cups and Spoons
Chocolate Cake,Whisk
Chocolate Cake,Spatula
Chocolate Cake,Pie dish
Chocolate Cake,Pastry Brush
Chocolate Cake,Oven Mitts
Chocolate Cake,Timer
Falafel,Food Processor
Falafel,Chef's Knife
Falafel,Cutting Board
Falafel,Mixing Bowls
Falafel,Measuring Cups and Spoons
Falafel,Skillet/Frying Pan
Falafel,Spatula
Falafel,Kitchen Scale
Falafel,Pastry Brush
Falafel,Oven Mitts
Falafel,Timer
Lemon Bars,Chef's Knife
Lemon Bars,Cutting Board
Lemon Bars,Mixing Bowls
Lemon Bars,Measuring Cups and Spoons
Lemon Bars,Whisk
Lemon Bars,Pie dish
Lemon Bars,Baking Sheets
Lemon Bars,Spatula
Lemon Bars,Oven Mitts
Lemon Bars,Timer
Shrimp Scambi,Chef's Knife
Shrimp Scambi,Cutting Board
Shrimp Scambi,Mixing Bowls
Shrimp Scambi,Measuring Cups and Spoons
Shrimp Scambi,Skillet/Frying Pan
Shrimp Scambi,Wooden Spoon
Shrimp Scambi,Tongs
Shrimp Scambi,Kitchen Scale
Shrimp Scambi,Oven Mitts
Shrimp Scambi,Timer
Beef Tacos,Chef's Knife
Beef Tacos,Cutting Board
Beef Tacos,Mixing Bowls
Beef Tacos,Measuring Cups and Spoons
Beef Tacos,Skillet/Frying Pan
Beef Tacos,Wooden Spoon
Beef Tacos,Tongs
Croque Monsieur,Chef's Knife
Croque Monsieur,Cutting Board
Croque Monsieur,Skillet/Frying Pan
Croque Monsieur,Spatula
Croque Monsieur,Mixing Bowls
Croque Monsieur,Whisk
Croque Monsieur,Oven Mitts
Croque Monsieur,Baking Sheets
Croque Monsieur,Timer
Chicken Enchiladas,Chef's Knife
Chicken Enchiladas,Cutting Board
Chicken Enchiladas,Mixing Bowls
Chicken Enchiladas,Measuring Cups and Spoons
Chicken Enchiladas,Skillet/Frying Pan
Chicken Enchiladas,Wooden Spoon
Chicken Enchiladas,Baking Dish
Chicken Enchiladas,Oven Mitts
Chicken Enchiladas,Timer
Blueberry Muffins,Mixing Bowls
Blueberry Muffins,Measuring Cups and Spoons
Blueberry Muffins,Whisk
Blueberry Muffins,Spatula
Blueberry Muffins,Muffin Tin
Blueberry Muffins,Oven Mitts
Blueberry Muffins,Timer
Pad See Ew,Chef's Knife
Pad See Ew,Cutting Board
Pad See Ew,Skillet/Frying Pan
Pad See Ew,Tongs
Pad See Ew,Mixing Bowls
Pad See Ew,Measuring Cups and Spoons
Pad See Ew,Wooden Spoon
Pad See Ew,Kitchen Scale
Pad See Ew,Timer
Shepherd's Pire,Chef's Knife
Shepherd's Pire,Cutting Board
Shepherd's Pire,Skillet/Frying Pan
Shepherd's Pire,Wooden Spoon
Shepherd's Pire,Mixing Bowls
Shepherd's Pire,Measuring Cups and Spoons
Shepherd's Pire,Baking Dish
Shepherd's Pire,Hand Mixer
Shepherd's Pire,Oven Mitts
Shepherd's Pire,Timer
Tuna Salad Sandwich,Chef's Knife
Tuna Salad Sandwich,Cutting Board
Tuna Salad Sandwich,Mixing Bowls
Tuna Salad Sandwich,Measuring Cups and Spoons
Tuna Salad Sandwich,Wooden Spoon
Miso Soup,Chef's Knife
Miso Soup,Cutting Board
Miso Soup,Stockpot
Miso Soup,Wooden Spoon
Miso Soup,Mixing Bowls
Miso Soup,Measuring Cups and Spoons
Miso Soup,Timer
Key Lime Pie,Chef's Knife
Key Lime Pie,Cutting Board
Key Lime Pie,Mixing Bowls
Key Lime Pie,Measuring Cups and Spoons
Key Lime Pie,Whisk
Key Lime Pie,Pie Dish
Key Lime Pie,Oven Mitts
Key Lime Pie,Timer
Chicken Tikka Masala,Chef's Knife
Chicken Tikka Masala,Cutting Board
Chicken Tikka Masala,Mixing Bowls
Chicken Tikka Masala,Skillet/Frying Pan
Chicken Tikka Masala,Wooden Spoon
Chicken Tikka Masala,Measuring Cups and Spoons
Chicken Tikka Masala,Blender
Chicken Tikka Masala,Kitchen Scale
Chicken Tikka Masala,Timer
Beef Bourguignon,Chef's Knife
Beef Bourguignon,Cutting Board
Beef Bourguignon,Stockpot
Beef Bourguignon,Wooden Spoon
Beef Bourguignon,Mixing Bowls
Beef Bourguignon,Measuring Cups and Spoons
Beef Bourguignon,Skillet/Frying Pan
Beef Bourguignon,Kitchen Scale
Beef Bourguignon,Timer
Cheese Soufflé,Chef's Knife
Cheese Soufflé,Cutting Board
Cheese Soufflé,Mixing Bowls
Cheese Soufflé,Measuring Cups and Spoons
Cheese Soufflé,Saucepan
Cheese Soufflé,Whisk
Cheese Soufflé,Pie Dish
Cheese Soufflé,Baking Sheets
Cheese Soufflé,Stand Mixer
Cheese Soufflé,Kitchen Scale
Cheese Soufflé,Timer
Scones,Chef's Knife
Scones,Cutting Board
Scones,Mixing Bowls
Scones,Measuring Cups and Spoons
Scones,Baking Sheets
Scones,Pastry Brush
Scones,Rolling Pin
Scones,Oven Mitts
Scones,Timer
Caprese Salad,Chef's Knife
Caprese Salad,Cutting Board
Caprese Salad,Mixing Bowls
Caprese Salad,Measuring Cups and Spoons
Caprese Salad,Whisk
Caprese Salad,Kitchen Scale
Caprese Salad,Timer
Beef Bulgogi,Chef's Knife
Beef Bulgogi,Cutting Board
Beef Bulgogi,Mixing Bowls
Beef Bulgogi,Skillet/Frying Pan
Beef Bulgogi,Tongs
Beef Bulgogi,Measuring Cups and Spoons
Beef Bulgogi,Wooden Spoon
Beef Bulgogi,Kitchen Scale
Beef Bulgogi,Timer
Chicken Noodle Soup,Chef's Knife
Chicken Noodle Soup,Cutting Board
Chicken Noodle Soup,Stockpot
Chicken Noodle Soup,Wooden Spoon
Chicken Noodle Soup,Mixing Bowls
Chicken Noodle Soup,Measuring Cups and Spoons
Chicken Noodle Soup,Skillet/Frying Pan
Chicken Noodle Soup,Kitchen Scale
Chicken Noodle Soup,Timer
Chocolate Truffles,Chef's Knife
Chocolate Truffles,Cutting Board
Chocolate Truffles,Mixing Bowls
Chocolate Truffles,Measuring Cups and Spoons
Chocolate Truffles,Saucepan
Chocolate Truffles,Wooden Spoon
Chocolate Truffles,Baking Sheets
Chocolate Truffles,Kitchen Scale
Chocolate Truffles,Timer
Huevos Rancheros,Chef's Knife
Huevos Rancheros,Cutting Board
Huevos Rancheros,Skillet/Frying Pan
Huevos Rancheros,Spatula
Huevos Rancheros,Mixing Bowls
Huevos Rancheros,Measuring Cups and Spoons
Huevos Rancheros,Wooden Spoon
Huevos Rancheros,Oven Mitts
Huevos Rancheros,Timer
Ratatouille,Chef's Knife
Ratatouille,Cutting Board
Ratatouille,Skillet/Frying Pan
Ratatouille,Wooden Spoon
Ratatouille,Mixing Bowls
Ratatouille,Measuring Cups and Spoons
Ratatouille,Pie dish
Ratatouille,Kitchen Scale
Ratatouille,Timer
Falafel Wrap,Chef's Knife
Falafel Wrap,Cutting Board
Falafel Wrap,Mixing Bowls
Falafel Wrap,Measuring Cups and Spoons
Falafel Wrap,Skillet/Frying Pan
Falafel Wrap,Spatula
Lemon Chicken Piccata,Chef's Knife
Lemon Chicken Piccata,Cutting Board
Lemon Chicken Piccata,Skillet/Frying Pan
Lemon Chicken Piccata,Tongs
Lemon Chicken Piccata,Mixing Bowls
Lemon Chicken Piccata,Measuring Cups and Spoons
Lemon Chicken Piccata,Kitchen Scale
Lemon Chicken Piccata,Wooden Spoon
Lemon Chicken Piccata,Timer
Vegetable Stir-Fry,Chef's Knife
Vegetable Stir-Fry,Cutting Board
Vegetable Stir-Fry,Skillet/Frying Pan
Vegetable Stir-Fry,Wooden Spoon
Vegetable Stir-Fry,Mixing Bowls
Vegetable Stir-Fry,Measuring Cups and Spoons
Vegetable Stir-Fry,Tongs
Vegetable Stir-Fry,Kitchen Scale
Vegetable Stir-Fry,Timer
Chicken Alfredo,Chef's Knife
Chicken Alfredo,Cutting Board
Chicken Alfredo,Stockpot
Chicken Alfredo,Skillet/Frying Pan
Chicken Alfredo,Wooden Spoon
Chicken Alfredo,Mixing Bowls
Chicken Alfredo,Measuring Cups and Spoons
Chicken Alfredo,Tongs
Chicken Alfredo,Kitchen Scale
Chicken Alfredo,Timer
Croissant Bread Pudding,Chef's Knife
Croissant Bread Pudding,Cutting Board
Croissant Bread Pudding,Mixing Bowls
Croissant Bread Pudding,Whisk
Croissant Bread Pudding,Pie dish
Croissant Bread Pudding,Measuring Cups and Spoons
Croissant Bread Pudding,Kitchen Scale
Croissant Bread Pudding,Timer
Spaghetti Carbonara,Chef's Knife
Spaghetti Carbonara,Cutting Board
Spaghetti Carbonara,Stockpot
Spaghetti Carbonara,Skillet/Frying Pan
Spaghetti Carbonara,Mixing Bowls
Spaghetti Carbonara,Measuring Cups and Spoons
Spaghetti Carbonara,Wooden Spoon
Spaghetti Carbonara,Kitchen Scale
Spaghetti Carbonara,Timer
Chicken Shawarma,Chef's Knife
Chicken Shawarma,Cutting Board
Chicken Shawarma,Mixing Bowls
Chicken Shawarma,Measuring Cups and Spoons
Chicken Shawarma,Skillet/Frying Pan
Chicken Shawarma,Tongs
Chicken Shawarma,Kitchen Scale
Chicken Shawarma,Timer
Red Velvet Cake,Chef's Knife
Red Velvet Cake,Cutting Board
Red Velvet Cake,Mixing Bowls
Red Velvet Cake,Measuring Cups and Spoons
Red Velvet Cake,Stand Mixer
Red Velvet Cake,Pie dish
Red Velvet Cake,Oven Mitts
Red Velvet Cake,Timer
Margherita Flatbread,Chef's Knife
Margherita Flatbread,Cutting Board
Margherita Flatbread,Baking Sheets
Margherita Flatbread,Rolling Pin
Margherita Flatbread,Mixing Bowls
Margherita Flatbread,Measuring Cups and Spoons
Margherita Flatbread,Oven Mitts
Margherita Flatbread,Timer
Gyro Wrap,Chef's Knife
Gyro Wrap,Cutting Board
Gyro Wrap,Skillet/Frying Pan
Gyro Wrap,Tongs
Gyro Wrap,Mixing Bowls
Gyro Wrap,Measuring Cups and Spoons
Gyro Wrap,Kitchen Scale
Gyro Wrap,Timer
Pesto Pasta,Chef's Knife
Pesto Pasta,Cutting Board
Pesto Pasta,Stockpot
Pesto Pasta,Mixing Bowls
Pesto Pasta,Colander
Pesto Pasta,Skillet/Frying Pan
Pesto Pasta,Tongs
Pesto Pasta,Measuring Cups and Spoons
Pesto Pasta,Kitchen Scale
Pesto Pasta,Timer
Chicken Caesar Wrap,Chef's Knife
Chicken Caesar Wrap,Cutting Board
Chicken Caesar Wrap,Skillet/Frying Pan
Chicken Caesar Wrap,Mixing Bowls
Chicken Caesar Wrap,Measuring Cups and Spoons
Chicken Caesar Wrap,Kitchen Scale
Chicken Caesar Wrap,Wooden Spoon
Chicken Caesar Wrap,Tongs or Fork
Mushroom Risotto,Chef's Knife
Mushroom Risotto,Cutting Board
Mushroom Risotto,Saucepan
Mushroom Risotto,Wooden Spoon
Mushroom Risotto,Measuring Cups and Spoons
Mushroom Risotto,Skillet/Frying Pan
Mushroom Risotto,Mixing Bowls
Mushroom Risotto,Kitchen Scale
Mushroom Risotto,Timer
Avocado Toast,Chef's Knife
Avocado Toast,Cutting Board
Avocado Toast,Mixing Bowls
Avocado Toast,Measuring Cups and Spoons
Chicken Quesadilla,Chef's Knife
Chicken Quesadilla,Cutting Board
Chicken Quesadilla,Skillet/Frying Pan
Chicken Quesadilla,Spatula
Chicken Quesadilla,Mixing Bowls
Chicken Quesadilla,Measuring Cups and Spoons
Chicken Quesadilla,Kitchen Scale
Chicken Quesadilla,Timer
French Onion Soup,Chef's Knife
French Onion Soup,Cutting Board
French Onion Soup,Stockpot
French Onion Soup,Ladle
French Onion Soup,Measuring Cups and Spoons
French Onion Soup,Baking Sheets
French Onion Soup,Timer
Lemon Ricotta Pancakes,Mixing Bowls
Lemon Ricotta Pancakes,Whisk
Lemon Ricotta Pancakes,Skillet/Frying Pan
Lemon Ricotta Pancakes,Spatula
Lemon Ricotta Pancakes,Measuring Cups and Spoons
Lemon Ricotta Pancakes,Grater
Lemon Ricotta Pancakes,Chef's Knife
Lemon Ricotta Pancakes,Cutting Board
Empanadas,Chef's Knife
Empanadas,Cutting Board
Empanadas,Mixing Bowls
Empanadas,Measuring Cups and Spoons
Empanadas,Skillet/Frying Pan
Asado,Grill
Asado,Chef's Knife
Asado,Cutting Board
Brigadeiro,Saucepan
Brigadeiro,Mixing Bowls
Feijoada,Stockpot
Feijoada,Chef's Knife
Feijoada,Cutting Board
Fritule,Mixing Bowls
Fritule,Skillet/Frying Pan
Pašticada,Saucepan
Pašticada,Skillet/Frying Pan
Pašticada,Chef's Knife
Pašticada,Cutting Board
Nasi Goreng,Skillet/Frying Pan
Nasi Goreng,Chef's Knife
Nasi Goreng,Cutting Board
Nasi Goreng,Mixing Bowls
Sate Ayam,Grill
Sate Ayam,Skewers
Sate Ayam,Mixing Bowls
Babi Guling,Oven
Babi Guling,Roasting Pan
Babi Guling,Chef's Knife
Babi Guling,Cutting Board
Ameijoas à Bulhão Pato,Saucepan
Ameijoas à Bulhão Pato,Chef's Knife
Ameijoas à Bulhão Pato,Cutting Board
Pão de Ló,Mixing Bowls
Pão de Ló,Baking Sheets
Pão de Ló,Stand Mixer
Pão de Ló,Whisk
Queijadas de Sintra,Mixing Bowls
Queijadas de Sintra,Baking Sheets
Queijadas de Sintra,Rolling Pin
Churros,Saucepan
Churros,Pastry Bag with Tip
Churros,Skillet/Frying Pan
Paella,Paella Pan or Skillet
Paella,Chef's Knife
Paella,Cutting Board
Paella,Wooden Spoon
Paella,Measuring Cups and Spoons
Paella,Stockpot